Career Name,Technical Skills,Soft Skills,Description,Industry
Software Developer,"Programming languages (Java/Python), Version control (Git), Debugging, Software design patterns, Agile methodologies","Problem-solving, Critical thinking, Adaptability, Teamwork, Time management","Designs, codes, and maintains software applications to solve business problems.",Technology
Fullstack Developer,"Frontend (HTML/JS/React), Backend (Node.js/Python), Databases (SQL/NoSQL), API development, Deployment (Heroku/AWS), Version control","Problem-solving, Critical thinking, Adaptability, Collaboration, Innovative thinking",Builds complete web applications from client-side to server-side.,Technology
Backend Developer,"Server-side languages (Java/Node.js), Databases (MySQL/MongoDB), API design (REST/GraphQL), Performance optimization, Security practices","Scalability (thinking), Problem-solving, Critical thinking, Adaptability, Teamwork",Develops and maintains the server-side logic of web applications.,Technology
Frontend Engineer,"JavaScript frameworks (React/Angular), CSS preprocessors (Sass), State management (Redux), Web performance, Accessibility, API consumption","Problem-solving, Creative thinking, Attention to detail, Adaptability, Communication",Focuses on building interactive user interfaces for web apps.,Technology
Mobile App Developer,"Android/iOS platforms (Kotlin/Swift), Cross-platform tools (Flutter/React Native), UI/UX for mobile, API integration, Debugging","Problem-solving, Critical thinking, Adaptability, Innovative thinking, Time management",Creates applications for mobile devices like smartphones and tablets.,Technology
Web Developer,"HTML/JS/PHP, CMS (WordPress), Responsive design, SEO basics, Database integration","Security (awareness), Problem-solving, Creative thinking, Adaptability, Attention to detail",Builds and maintains websites and web applications.,Technology
Game Developer,"C++/C#, Game engines (Unity/Unreal), Physics simulation, AI for NPCs, Multiplayer networking","Asset creation, Problem-solving, Creative thinking, Teamwork, Innovative thinking",Develops video games for various platforms.,Technology
API Developer,"RESTful/GraphQL design, Documentation (Swagger), Authentication mechanisms, Rate limiting, Versioning","Error handling, Problem-solving, Critical thinking, Communication, Attention to detail",Builds and maintains application programming interfaces.,Technology
Blockchain Developer,"Solidity/Ethereum, Smart contracts, Cryptocurrency protocols, Decentralized apps (DApps), Security auditing","Node.js, Problem-solving, Critical thinking, Adaptability, Innovative thinking",Builds decentralized applications using blockchain technology.,Technology
VR/AR Developer,"Unity/Unreal Engine, 3D modeling, Interaction design, AR frameworks (ARKit/Vuforia), Performance optimization","User experience in immersive environments, Creative thinking, Problem-solving, Adaptability, Collaboration",Creates virtual and augmented reality applications.,Technology
Embedded Systems Engineer,"Microcontrollers (ARM), Firmware development (C), Real-time OS, Hardware debugging, PCB design","Power management, Problem-solving, Critical thinking, Attention to detail, Time management",Develops software for embedded hardware devices.,Technology
Robotics Engineer,"ROS (Robot Operating System), Control systems, Computer vision, Sensor fusion, Mechanical design","Programming (Python/C++), Problem-solving, Innovative thinking, Teamwork, Adaptability",Designs and programs robots for automation tasks.,Technology
IoT Engineer,"Embedded systems (Arduino/Raspberry Pi), Sensor integration, Wireless protocols (Bluetooth/Zigbee), Cloud connectivity, Data security","Firmware development, Problem-solving, Critical thinking, Adaptability, Attention to detail",Designs systems for connected devices in the Internet of Things.,Technology
DevOps Engineer,"CI/CD pipelines (Jenkins), Infrastructure as Code (Terraform), Containerization (Docker/Kubernetes), Monitoring tools (Prometheus), Scripting (Bash/Python)","Cloud platforms, Problem-solving, Collaboration, Adaptability, Time management",Automates and streamlines software development and deployment processes.,Technology
Site Reliability Engineer,"Monitoring (Grafana), Incident management, Automation scripting, Scalability planning, On-call rotation","SLAs/SLOs, Problem-solving, Critical thinking, Teamwork, Resilience",Ensures reliable operation of production systems.,Technology
Release Engineer,"Build automation (Maven/Gradle), Version control, Deployment strategies, Release notes, Rollback procedures","Environment management, Problem-solving, Attention to detail, Communication, Time management",Manages software release processes.,Technology
Automation Engineer,"Scripting (Python/Ansible), Process automation, RPA tools (UiPath), Workflow design, Integration","Error handling, Problem-solving, Innovative thinking, Adaptability, Critical thinking",Automates repetitive tasks to increase efficiency.,Technology
Performance Engineer,"Load testing (JMeter), Bottleneck identification, Optimization techniques, Monitoring tools, Code profiling","Capacity planning, Problem-solving, Critical thinking, Attention to detail, Analytical thinking",Improves system performance and efficiency.,Technology
Fullstack Engineer,"MERN/MEAN stack, Database integration, Deployment pipelines, Code versioning, Testing frameworks","UI/UX basics, Problem-solving, Adaptability, Teamwork, Creative thinking",Develops both client and server sides of applications.,Technology
Backend Engineer,"Server architecture (Express/Django), Database optimization, Authentication (OAuth/JWT), Microservices, Scaling techniques","Caching (Redis), Problem-solving, Critical thinking, Adaptability, Collaboration",Handles server-side application logic and data management.,Technology
Web Designer,"HTML/CSS, Graphic design tools (Photoshop), Responsive design, JavaScript","User experience principles, Color theory, Creative thinking, Attention to detail, Adaptability, Communication",Creates visually appealing and user-friendly websites and digital interfaces.,Technology
Graphic Designer,"Adobe Creative Suite (Illustrator/Photoshop), Typography, Layout design, Digital illustration","Color theory, Branding, Creative thinking, Attention to detail, Innovative thinking, Time management",Develops visual concepts and graphics for print and digital media.,Creative Services
UI/UX Designer,"Wireframing (Figma/Sketch), Prototyping, Usability testing, Interaction design","User research, Accessibility standards, Creative problem-solving, Empathy, Critical thinking, Communication",Designs intuitive user interfaces and experiences for applications and websites.,Technology
Mobile UI Designer,"Figma/Sketch for mobile, Material Design/iOS guidelines, Gesture-based interactions, Prototyping tools","User testing, Accessibility for mobile, Creative thinking, Attention to detail, Adaptability, Empathy",Designs user interfaces specifically for mobile applications.,Technology
Digital Marketing Specialist,"SEO, Content marketing, Social media management, Analytics tools (Google Analytics), Email marketing","PPC advertising, Creative thinking, Communication, Adaptability, Analytical thinking",Promotes products or services using digital channels to reach and engage consumers.,Marketing
SEO Specialist,"Keyword research, On-page optimization, Link building, Google Analytics","Content strategy, Technical SEO, Analytical thinking, Adaptability, Critical thinking, Communication",Improves website visibility on search engines to drive organic traffic.,Marketing
Content Marketer,"Copywriting, Content planning, Social media distribution, SEO integration","Analytics, Audience research, Creative thinking, Communication, Time management, Adaptability",Creates and distributes valuable content to attract and retain audiences.,Marketing
Social Media Manager,"Platform management (Facebook/Twitter), Content creation, Analytics tools, Ad campaigns","Audience engagement, Scheduling tools, Creative thinking, Communication, Trend awareness, Community building",Manages brand presence on social media platforms.,Marketing
Email Marketing Specialist,"Campaign design (Mailchimp), List segmentation, A/B testing, Automation workflows","Compliance (GDPR), Analytics, Creative thinking, Communication, Attention to detail, Adaptability",Develops and executes email campaigns to nurture leads.,Marketing
PPC Specialist,"Google Ads/Bing Ads, Keyword bidding, Ad copywriting, Campaign optimization","Conversion tracking, Reporting, Analytical thinking, Problem-solving, Time management, Communication",Manages pay-per-click advertising campaigns for targeted traffic.,Marketing
Growth Hacker,"Data-driven experimentation, A/B testing, Viral marketing, Analytics","Automation tools, User acquisition strategies, Creative thinking, Innovative thinking, Adaptability, Analytical thinking",Uses creative methods to rapidly grow user base and revenue.,Marketing
E-commerce Specialist,"Platforms (Shopify/Magento), Payment gateways, Inventory management, Analytics","User experience, Security, Analytical thinking, Problem-solving, Communication, Adaptability",Develops and optimizes online shopping platforms.,Technology
Digital Analyst,"Web analytics (Google Analytics), Conversion optimization, A/B testing, Reporting dashboards","User behavior analysis, Data interpretation, Analytical thinking, Critical thinking, Communication, Attention to detail",Analyzes digital performance to improve online strategies.,Marketing
Affiliate Marketing Manager,"Partner recruitment, Commission structures, Tracking tools, Performance analysis","Relationship management, Compliance, Communication, Negotiation, Analytical thinking, Adaptability",Manages affiliate programs to drive sales.,Marketing
Influencer Marketing Specialist,"Influencer outreach, Campaign planning, Content collaboration, ROI measurement","Social media trends, Contract negotiation, Communication, Relationship building, Creative thinking, Analytical thinking",Coordinates marketing campaigns with influencers.,Marketing
Programmatic Advertising Specialist,"DSP/SSP platforms, Bid management, Audience targeting, Ad tech knowledge","Analytics, Fraud prevention, Analytical thinking, Problem-solving, Time management, Communication",Handles automated buying and selling of ads.,Marketing
Video Editor,"Adobe Premiere/After Effects, Color grading, Audio mixing, Transitions/effects","Storyboarding, File formats, Creative thinking, Attention to detail, Time management, Adaptability",Edits video content for digital platforms.,Media & Publishing
Motion Graphics Designer,"After Effects/Cinema 4D, Animation principles, Typography in motion, Compositing","Storyboarding, Sound integration, Creative thinking, Attention to detail, Innovative thinking, Collaboration",Creates animated graphics for videos and ads.,Media & Publishing
3D Modeler,"Blender/Maya, Texturing, Lighting, Rigging","UV mapping, Rendering, Creative thinking, Attention to detail, Problem-solving, Adaptability","Builds 3D models for games, animations, or simulations.",Technology
Data Analyst,"SQL, Excel, Data visualization (Tableau), Statistical analysis, Python/R","Data cleaning, Analytical thinking, Critical thinking, Problem-solving, Communication, Attention to detail",Interprets complex datasets to provide actionable insights for business decisions.,Technology
Data Scientist,"Statistical modeling, Machine learning, Python/R, Data visualization (Matplotlib), Big data (Hadoop)","Predictive analytics, Analytical thinking, Critical thinking, Innovative thinking, Adaptability",Extracts insights from data using advanced analytics and modeling.,Technology
AI Engineer,"Machine learning algorithms, Python, TensorFlow/PyTorch, Data preprocessing, Neural networks","Model deployment, AI Ethics, Problem-solving, Critical thinking, Innovative thinking, Collaboration",Builds and deploys artificial intelligence models and systems.,Technology
Machine Learning Engineer,"Supervised/unsupervised learning, Feature engineering, Model evaluation, Big data tools (Spark), Python/R","Hyperparameter tuning, Problem-solving, Critical thinking, Adaptability, Analytical thinking",Develops algorithms that enable machines to learn from data.,Technology
Big Data Engineer,"Hadoop/Spark, Kafka for streaming, Data pipelines (ETL), NoSQL databases, Scala/Java/Python","Cloud storage, Problem-solving, Critical thinking, Adaptability, Time management",Designs and builds systems for processing large-scale data.,Technology
Data Engineer,"ETL processes (Airflow), Data warehousing (Snowflake), Big data frameworks, SQL optimization","Data quality assurance, Pipeline automation, Problem-solving, Analytical thinking, Attention to detail",Builds and maintains data pipelines for analytics.,Technology
Data Visualization Specialist,"Tableau/Power BI, Dashboards design, Interactive elements, Data sourcing","Storytelling with data, Color theory, Creative thinking, Communication, Analytical thinking",Creates visual representations of data for better understanding.,Technology
Business Intelligence Analyst,"Data modeling, Reporting tools (Crystal Reports), KPI definition, SQL querying","Trend analysis, Dashboard creation, Analytical thinking, Critical thinking, Communication",Provides insights to support business intelligence strategies.,Technology
NLP Engineer,"Natural Language Processing libraries (NLTK/spaCy), Text mining, Sentiment analysis, Language models (BERT)","Python, Data annotation, Problem-solving, Innovative thinking, Critical thinking, Adaptability",Develops systems for understanding and generating human language.,Technology
Computer Vision Engineer,"OpenCV/TensorFlow, Image processing, Object detection, Deep learning for vision","Augmented reality, Model training, Problem-solving, Critical thinking, Innovative thinking",Builds systems that interpret visual data.,Technology
Reinforcement Learning Specialist,"RL algorithms (Q-learning), Simulation environments (Gym), Python/PyTorch, Reward modeling","Hyperparameter tuning, Exploration strategies, Problem-solving, Critical thinking, Adaptability",Develops AI that learns through trial and error.,Technology
Business Analyst,"Requirements gathering, Process modeling (BPMN), Use case development, Documentation","Data analysis, Stakeholder interviews, Analytical thinking, Communication, Critical thinking",Bridges the gap between business needs and IT solutions.,Business Services
Systems Analyst,"System requirements, Data flow diagrams, Feasibility studies, Integration testing","Process improvement, User acceptance, Analytical thinking, Problem-solving, Communication",Analyzes and designs information systems to meet business needs.,Technology
ERP Specialist,"SAP/Oracle ERP, Module configuration, Data migration, Customization","User training, Integration, Problem-solving, Communication, Adaptability",Implements and supports enterprise resource planning systems.,Technology
CRM Specialist,"Salesforce/Dynamics, Workflow automation, Customization, Reporting","Data analysis, User adoption, Communication, Analytical thinking, Problem-solving",Manages customer relationship management systems.,Technology
Metaverse Developer,"Unity for VR/AR, Blockchain integration, Avatar creation, Multi-user environments","Scripting, Asset management, Creative thinking, Innovative thinking, Collaboration",Builds virtual worlds in the metaverse.,Technology
QA Engineer,"Test automation (Selenium), Manual testing, Bug tracking (Jira), Regression testing","Performance testing, API testing, Attention to detail, Critical thinking, Problem-solving",Ensures software quality through systematic testing and defect identification.,Technology
Technical Writer,"Documentation tools (Markdown/Confluence), API docs, User manuals, Style guides","Version control, Audience analysis, Communication, Attention to detail, Clarity",Writes clear technical documentation for software and systems.,Media & Publishing
IT Trainer,"Instructional design, E-learning platforms, Assessment creation, Curriculum development","Technical knowledge, Presentation skills, Communication, Patience, Adaptability",Trains users on IT tools and best practices.,Technology
Project Manager,"Agile/Scrum methodologies, Project tracking tools (Asana), Resource allocation, Budgeting","Stakeholder communication, Risk management, Leadership, Communication, Time management","Oversees IT projects from initiation to completion, ensuring timely delivery.",Business Services
System Administrator,"Linux/Windows administration, Networking (TCP/IP), Backup and recovery, Security patching","Monitoring tools (Nagios), Virtualization (VMware), Problem-solving, Patience, Attention to detail","Manages and maintains IT infrastructure, servers, and networks.",Technology
Network Engineer,"Cisco/Juniper hardware, Routing protocols (BGP/OSPF), Firewall configuration, Network troubleshooting","VPN setup, Wireless networking, Problem-solving, Critical thinking, Adaptability","Designs, implements, and maintains computer networks.",Technology
Database Administrator,"SQL/NoSQL databases, Performance tuning, Backup strategies, Data modeling","Security management, Query optimization, Attention to detail, Problem-solving, Analytical thinking",Manages and optimizes databases to ensure data integrity and availability.,Technology
Cloud Architect,"AWS/Azure/GCP architecture, Cloud migration strategies, Security in cloud, Scalability design","Cost optimization, Hybrid cloud setups, Critical thinking, Strategic thinking, Communication",Designs high-level cloud solutions for organizations.,Technology
Cloud Engineer,"AWS/Azure/GCP services, Infrastructure as Code, Container orchestration, Networking in cloud","Security compliance, Automation scripting, Problem-solving, Adaptability, Collaboration",Implements and manages cloud-based infrastructure and services.,Technology
Cybersecurity Analyst,"Threat detection, Firewall management, Intrusion prevention, Vulnerability scanning","Ethical hacking, Incident response, Critical thinking, Problem-solving, Resilience",Protects systems and data from cyber threats and attacks.,Cybersecurity
Ethical Hacker,"Penetration testing tools (Metasploit), Vulnerability assessment, Network scanning (Nmap), Web app security","Social engineering, Report writing, Critical thinking, Problem-solving, Ethical reasoning",Simulates cyberattacks to identify and fix security weaknesses.,Cybersecurity
Information Security Manager,"Risk assessment, Compliance (ISO 27001), Security policies, Auditing","Team leadership, Incident management, Leadership, Communication, Critical thinking",Oversees an organization's information security program.,Cybersecurity
Penetration Tester,"Exploit development, Web/mobile app testing, Wireless security, Reverse engineering","Reporting vulnerabilities, Red teaming, Problem-solving, Critical thinking, Attention to detail",Conducts simulated attacks to evaluate system security.,Cybersecurity
Cloud Security Engineer,"Cloud access management (IAM), Encryption in cloud, Vulnerability scanning, Compliance (SOC 2)","Incident response in cloud, Security automation, Problem-solving, Critical thinking, Adaptability",Secures cloud environments against threats.,Cybersecurity
DevSecOps Engineer,"Security in CI/CD, Automated scanning (SonarQube), Container security, Compliance automation","Threat modeling, Collaboration tools, Collaboration, Problem-solving, Innovative thinking",Integrates security practices into DevOps workflows.,Technology
Incident Response Specialist,"Forensic tools, Threat hunting, Incident logging, Containment strategies","Post-incident analysis, Communication protocols, Resilience, Communication, Critical thinking",Manages and responds to cybersecurity incidents.,Cybersecurity
Cryptographer,"Cryptographic algorithms, Key management, Secure protocols (TLS), Number theory","Implementation in code, Security analysis, Problem-solving, Critical thinking, Analytical thinking",Designs systems for secure data encryption and decryption.,Cybersecurity
Forensic Analyst,"Digital forensics tools (EnCase), Data recovery, Evidence analysis, Cybercrime investigation","Chain of custody, Report writing, Attention to detail, Ethical reasoning, Problem-solving",Investigates digital evidence for legal purposes.,Cybersecurity
Compliance Officer,"Regulatory knowledge (HIPAA/GDPR), Policy development, Auditing procedures, Training programs","Risk management, Reporting, Ethical reasoning, Communication, Attention to detail",Ensures IT practices comply with laws and standards.,Regulatory Affairs
Network Security Engineer,"IDS/IPS systems, VPN configuration, Security protocols, Threat monitoring","Firewall rules, Patch management, Problem-solving, Critical thinking, Vigilance",Protects network infrastructure from unauthorized access.,Cybersecurity
Wireless Network Engineer,"Wi-Fi standards (802.11), Site surveys, RF engineering, Security (WPA3)","Troubleshooting, Capacity planning, Problem-solving, Attention to detail, Analytical thinking",Designs and maintains wireless networks.,Technology
VoIP Engineer,"SIP protocols, QoS configuration, Call routing, Integration with PBX","Troubleshooting tools, Security for voice, Problem-solving, Communication, Adaptability",Manages voice over IP communication systems.,Technology
Storage Engineer,"SAN/NAS technologies, Data replication, Backup solutions, Performance tuning","Capacity planning, Disaster recovery, Attention to detail, Problem-solving, Time management",Manages data storage systems and solutions.,Technology
Virtualization Engineer,"Hypervisors (vSphere/Hyper-V), VM management, Resource allocation, High availability","Migration tools, Security in virtual env, Problem-solving, Critical thinking, Adaptability",Implements and manages virtualized environments.,Technology
IT Support Specialist,"Hardware troubleshooting, Software installation, Ticketing systems (Zendesk), Remote support","User training, Basic networking, Patience, Communication, Problem-solving",Provides technical assistance and support for end-users and systems.,Technology
Helpdesk Technician,"Troubleshooting protocols, Remote desktop tools, Ticketing software, Software configuration","Customer service, Basic hardware repair, Patience, Communication, Empathy",Provides first-line support for IT issues.,Technology
IT Auditor,"Compliance auditing, Risk evaluation, Control testing, IT governance","Report generation, Security standards, Analytical thinking, Ethical reasoning, Attention to detail",Assesses IT systems for compliance and efficiency.,Technology
IT Consultant,"Business analysis, Technology recommendations, Implementation planning, Project scoping","Risk assessment, Client communication, Communication, Problem-solving, Critical thinking",Provides expert advice on IT strategies and solutions.,Technology
Scrum Master,"Agile facilitation, Sprint planning, Burndown charts, Retrospectives","Team coaching, Impediment removal, Leadership, Communication, Adaptability",Guides teams in implementing Scrum practices for project delivery.,Technology
Product Manager,"Market research, Roadmap planning, User stories, Metrics tracking","Prioritization, Stakeholder management, Leadership, Strategic thinking, Communication",Defines and oversees the development of products.,Technology
Configuration Manager,"CMDB maintenance, Change control, Configuration tools (Puppet/Chef), Auditing","Documentation, Compliance, Attention to detail, Problem-solving, Organization",Manages IT asset configurations and changes.,Technology
IT Trainer,"Instructional design, E-learning platforms, Assessment creation, Curriculum development","Technical knowledge, Presentation skills, Communication, Patience, Adaptability",Trains users on IT tools and best practices.,Technology
ERP Specialist,"SAP/Oracle ERP, Module configuration, Data migration, Customization","User training, Integration, Problem-solving, Communication, Adaptability",Implements and supports enterprise resource planning systems.,Technology
CRM Specialist,"Salesforce/Dynamics, Workflow automation, Customization, Reporting","Data analysis, User adoption, Communication, Analytical thinking, Problem-solving",Manages customer relationship management systems.,Technology
Web Developer,"HTML/JS/PHP, CMS (WordPress), Responsive design, SEO basics","Database integration, Security, Problem-solving, Creative thinking, Adaptability",Builds and maintains websites and web applications.,Technology
E-commerce Specialist,"Platforms (Shopify/Magento), Payment gateways, Inventory management, Analytics","User experience, Security, Analytical thinking, Problem-solving, Communication",Develops and optimizes online shopping platforms.,Technology
Digital Analyst,"Web analytics (Google Analytics), Conversion optimization, A/B testing, Reporting dashboards","User behavior analysis, Data interpretation, Analytical thinking, Critical thinking, Communication",Analyzes digital performance to improve online strategies.,Marketing
Affiliate Marketing Manager,"Partner recruitment, Commission structures, Tracking tools, Performance analysis","Relationship management, Compliance, Communication, Negotiation, Analytical thinking",Manages affiliate programs to drive sales.,Marketing
Influencer Marketing Specialist,"Influencer outreach, Campaign planning, Content collaboration, ROI measurement","Social media trends, Contract negotiation, Communication, Relationship building, Creative thinking",Coordinates marketing campaigns with influencers.,Marketing
Programmatic Advertising Specialist,"DSP/SSP platforms, Bid management, Audience targeting, Ad tech knowledge","Analytics, Fraud prevention, Analytical thinking, Problem-solving, Time management",Handles automated buying and selling of ads.,Marketing
Video Editor,"Adobe Premiere/After Effects, Color grading, Audio mixing, Transitions/effects","Storyboarding, File formats, Creative thinking, Attention to detail, Time management",Edits video content for digital platforms.,Media & Publishing
Motion Graphics Designer,"After Effects/Cinema 4D, Animation principles, Typography in motion, Compositing","Storyboarding, Sound integration, Creative thinking, Attention to detail, Innovative thinking",Creates animated graphics for videos and ads.,Media & Publishing
3D Modeler,"Blender/Maya, Texturing, Lighting, Rigging","UV mapping, Rendering, Creative thinking, Attention to detail, Problem-solving","Builds 3D models for games, animations, or simulations.",Technology
Augmented Reality Specialist,"ARKit/ARCore, 3D content creation, Marker-based AR, Performance optimization","User interaction, Deployment, Creative thinking, Innovative thinking, Problem-solving",Develops AR experiences for mobile and wearables.,Technology
Adult Education Instructor,"Course Planning, Adult Learning Techniques, Assessment, Technology Integration, Student Support","Communication, Patience, Adaptability, Problem-solving, Empathy",Teaches adult learners in various subjects.,Education
Allergist,"Allergy Diagnosis, Immunotherapy, Patient Testing, Treatment Planning, EMR Systems","Analytical Thinking, Communication, Empathy, Critical Thinking, Problem-solving",Specializes in allergy and immunology.,Medical
Anesthesiologist,"Anesthesia Administration, Patient Monitoring, Pain Management, Surgical Assistance, EMR Systems","Critical Thinking, Attention to Detail, Communication, Resilience, Teamwork",Administers anesthesia during medical procedures.,Medical
Cardiologist,"Heart Disease Diagnosis, ECG Interpretation, Cardiac Procedures, Patient Consultation, EMR Systems","Critical Thinking, Attention to Detail, Communication, Empathy, Analytical Thinking",Specializes in heart and cardiovascular health.,Medical
Climate Change Analyst,"Climate Data Analysis, Modeling Tools, Policy Recommendations, Report Writing, Research","Analytical Thinking, Communication, Problem-solving, Strategic Thinking, Innovation",Analyzes climate change data and impacts.,Environmental Science
Dentist,"Oral Examination, Dental Procedures, X-Ray Interpretation, Patient Education, Sterilization Techniques","Communication, Attention to Detail, Empathy, Analytical Thinking, Problem-solving",Provides oral health care and treatment.,Medical
Dermatologist,"Skin Disease Diagnosis, Biopsy Procedures, Treatment Planning, Patient Consultation, EMR Systems","Attention to Detail, Communication, Empathy, Analytical Thinking, Problem-solving",Specializes in skin health and diseases.,Medical
Education Administrator,"Curriculum Oversight, Staff Management, Budget Planning, Regulatory Compliance, Program Evaluation","Leadership, Communication, Strategic Thinking, Problem-solving, Organization",Manages educational institutions or programs.,Education
Education Assessment Specialist,"Assessment Design, Data Analysis, Report Writing, Standards Alignment, Teacher Training","Analytical Thinking, Communication, Problem-solving, Attention to Detail, Organization",Develops and analyzes educational assessments.,Education
Education Consultant,"Curriculum Consulting, Program Evaluation, Teacher Training, Data Analysis, Strategic Planning","Communication, Analytical Thinking, Problem-solving, Leadership, Adaptability",Provides advice on educational strategies.,Education
Education Coordinator,"Program Coordination, Curriculum Support, Staff Training, Student Engagement, Data Tracking","Communication, Organization, Problem-solving, Leadership, Adaptability",Coordinates educational programs.,Education
Education Curriculum Specialist,"Curriculum Design, Standards Alignment, Assessment Development, Teacher Training, Data Analysis","Creativity, Communication, Analytical Thinking, Problem-solving, Organization",Specializes in curriculum development.,Education
Education Development Specialist,"Program Development, Curriculum Enhancement, Teacher Training, Assessment, Research","Communication, Analytical Thinking, Problem-solving, Collaboration, Innovation",Develops educational development strategies.,Education
Education Inclusion Specialist,"Inclusion Strategies, IEP Development, Student Support, Teacher Training, Data Analysis","Empathy, Communication, Problem-solving, Collaboration, Adaptability",Promotes inclusion in education.,Education
Education Librarian,"Resource Management, Information Literacy, Cataloging, Research Support, Technology Integration","Communication, Organization, Attention to Detail, Problem-solving, Adaptability",Manages educational library resources.,Education
Education Outreach Coordinator,"Outreach Program Design, Community Engagement, Event Coordination, Partnership Building, Data Tracking","Communication, Collaboration, Creativity, Problem-solving, Adaptability",Coordinates education outreach efforts.,Education
Education Program Director,"Program Development, Budget Management, Staff Coordination, Evaluation, Grant Writing","Leadership, Communication, Strategic Thinking, Problem-solving, Organization",Directs educational programs.,Education
Education Program Specialist,"Curriculum Development, Program Design, Assessment Tools, Data Analysis, Training","Communication, Collaboration, Problem-solving, Creativity, Adaptability",Develops educational programs for schools.,Education
Education Researcher,"Research Design, Data Collection, Statistical Analysis, Report Writing, Grant Writing","Analytical Thinking, Communication, Critical Thinking, Problem-solving, Organization",Conducts research on educational methods.,Education
Education Superintendent,"District Management, Policy Oversight, Budget Planning, Staff Development, Community Engagement","Leadership, Strategic Thinking, Communication, Problem-solving, Organization",Oversees school district operations.,Education
Education Technology Specialist,"EdTech Integration, Software Evaluation, Training Programs, Data Analysis, Program Implementation","Communication, Adaptability, Innovation, Problem-solving, Collaboration",Integrates technology in education.,Education
Endocrinologist,"Hormone Disorder Diagnosis, Treatment Planning, Patient Monitoring, Lab Interpretation, EMR Systems","Analytical Thinking, Communication, Empathy, Critical Thinking, Problem-solving",Specializes in endocrine system disorders.,Medical
Environmental Biologist,"Biological Research, Data Collection, Lab Analysis, Field Monitoring, Report Writing","Analytical Thinking, Problem-solving, Communication, Attention to Detail, Collaboration",Studies biological aspects of environments.,Environmental Science
Environmental Compliance Specialist,"Regulatory Compliance, Audit Procedures, Environmental Assessments, Report Writing, Data Analysis","Attention to Detail, Communication, Analytical Thinking, Problem-solving, Ethical Reasoning",Ensures compliance with environmental regulations.,Environmental Science
Environmental Educator,"Educational Program Design, Public Outreach, Content Creation, Workshop Facilitation, Data Presentation","Communication, Empathy, Creativity, Problem-solving, Adaptability",Educates on environmental issues.,Environmental Science
Environmental Engineer,"Environmental Modeling, Site Assessment, Waste Management, Regulatory Compliance, Data Analysis","Problem-solving, Analytical Thinking, Communication, Innovation, Adaptability",Designs solutions for environmental issues.,Environmental Science
Environmental Geologist,"Geological Analysis, Site Investigation, Data Interpretation, Report Writing, GIS Tools","Analytical Thinking, Problem-solving, Communication, Attention to Detail, Resilience",Studies geological aspects of environmental issues.,Environmental Science
Environmental Health Specialist,"Health Risk Assessment, Inspection Protocols, Data Analysis, Regulatory Compliance, Report Writing","Analytical Thinking, Communication, Attention to Detail, Problem-solving, Ethical Reasoning",Assesses environmental health risks.,Environmental Science
Environmental Impact Specialist,"Impact Assessment, Data Analysis, Regulatory Compliance, Report Writing, Stakeholder Consultation","Analytical Thinking, Communication, Problem-solving, Attention to Detail, Collaboration",Evaluates environmental impacts of projects.,Environmental Science
Environmental Lawyer,"Environmental Law Research, Case Preparation, Regulatory Compliance, Negotiation, Report Writing","Analytical Thinking, Communication, Ethical Reasoning, Persuasion, Problem-solving",Specializes in environmental legal matters.,Environmental Science
Environmental Meteorologist,"Weather Data Analysis, Modeling Tools, Climate Forecasting, Report Writing, Data Collection","Analytical Thinking, Communication, Problem-solving, Attention to Detail, Innovation",Studies atmospheric conditions for environmental impact.,Environmental Science
Environmental Planner,"Environmental Impact Assessments, Planning Software, Regulatory Compliance, Stakeholder Engagement, Report Writing","Strategic Thinking, Communication, Analytical Thinking, Problem-solving, Collaboration",Plans for environmental protection in development.,Environmental Science
Environmental Policy Analyst,"Policy Research, Data Analysis, Regulatory Knowledge, Report Writing, Stakeholder Consultation","Analytical Thinking, Communication, Strategic Thinking, Problem-solving, Ethical Reasoning",Analyzes environmental policies.,Environmental Science
Environmental Restoration Specialist,"Restoration Planning, Habitat Reconstruction, Data Monitoring, Regulatory Compliance, Project Management","Problem-solving, Communication, Analytical Thinking, Teamwork, Adaptability",Restores damaged environments.,Environmental Science
Environmental Risk Analyst,"Risk Assessment, Data Modeling, Regulatory Knowledge, Report Writing, Mitigation Planning","Analytical Thinking, Problem-solving, Communication, Attention to Detail, Strategic Thinking",Assesses environmental risks.,Environmental Science
Environmental Scientist,"Field Research, Data Collection, Lab Analysis, Environmental Monitoring, Report Writing","Analytical Thinking, Problem-solving, Communication, Attention to Detail, Collaboration",Studies environmental phenomena and impacts.,Environmental Science
Environmental Technician,"Data Collection, Lab Testing, Site Monitoring, Equipment Operation, Report Preparation","Attention to Detail, Problem-solving, Communication, Teamwork, Resilience",Supports environmental research and monitoring.,Environmental Science
Environmental Toxicologist,"Toxicity Testing, Data Analysis, Risk Assessment, Lab Techniques, Report Writing","Analytical Thinking, Attention to Detail, Problem-solving, Communication, Ethical Reasoning",Studies toxic substances in the environment.,Environmental Science
Government Auditor,"Financial Auditing, Compliance Checks, Data Analysis, Reporting, Regulatory Knowledge","Analytical Thinking, Attention to Detail, Ethical Reasoning, Communication, Problem-solving",Audits government financial operations.,Government
Government Budget Director,"Financial Planning, Budget Allocation, Data Analysis, Policy Integration, Reporting","Strategic Thinking, Analytical Thinking, Leadership, Communication, Organization",Directs government budgeting processes.,Government
Government Compliance Officer,"Regulatory Compliance, Audit Preparation, Policy Development, Risk Assessment, Reporting","Attention to Detail, Ethical Reasoning, Analytical Thinking, Communication, Problem-solving",Ensures government regulatory compliance.,Government
Government Diplomat,"International Negotiation, Policy Analysis, Cultural Awareness, Report Writing, Public Speaking","Strategic Thinking, Communication, Adaptability, Ethical Reasoning, Collaboration",Represents government in international relations.,Government
Government Environmental Officer,"Environmental Policy Enforcement, Site Inspections, Data Analysis, Report Writing, Regulatory Compliance","Analytical Thinking, Communication, Problem-solving, Attention to Detail, Ethical Reasoning",Oversees environmental protection efforts.,Government
Government Ethics Officer,"Ethics Policy Development, Training Programs, Compliance Monitoring, Investigation, Reporting","Ethical Reasoning, Communication, Attention to Detail, Problem-solving, Leadership",Oversees ethics in government agencies.,Government
Government Grant Specialist,"Grant Proposal Writing, Budget Planning, Compliance Monitoring, Report Writing, Stakeholder Coordination","Analytical Thinking, Communication, Organization, Problem-solving, Strategic Thinking",Manages government grant programs.,Government
Government Human Resources Specialist,"Recruitment, Performance Management, Compliance, Training, Employee Relations","Communication, Empathy, Organization, Leadership, Problem-solving",Manages HR in government agencies.,Government
Government Information Officer,"Data Management, Public Information Dissemination, Media Relations, Report Writing, Compliance","Communication, Organization, Attention to Detail, Ethical Reasoning, Problem-solving",Manages government information and communications.,Government
Government Legal Advisor,"Legal Research, Policy Advice, Contract Review, Regulatory Compliance, Report Writing","Analytical Thinking, Communication, Ethical Reasoning, Problem-solving, Critical Thinking",Provides legal advice to government agencies.,Government
Government Liaison Officer,"Stakeholder Engagement, Policy Communication, Relationship Building, Report Writing, Negotiation","Communication, Strategic Thinking, Collaboration, Problem-solving, Ethical Reasoning",Facilitates government relations.,Government
Government Policy Analyst,"Policy Research, Legislative Analysis, Data Interpretation, Report Writing, Stakeholder Engagement","Analytical Thinking, Communication, Critical Thinking, Problem-solving, Strategic Thinking",Analyzes and develops public policies for government agencies.,Government
Government Procurement Specialist,"Vendor Selection, Contract Negotiation, Budget Allocation, Compliance, Procurement Software","Analytical Thinking, Negotiation, Communication, Ethical Reasoning, Organization",Manages government procurement processes.,Government
Government Program Analyst,"Program Evaluation, Data Analysis, Report Writing, Policy Research, Stakeholder Consultation","Analytical Thinking, Communication, Problem-solving, Attention to Detail, Strategic Thinking",Analyzes government program effectiveness.,Government
Government Program Manager,"Program Planning, Budget Oversight, Stakeholder Coordination, Performance Metrics, Reporting","Leadership, Communication, Organization, Problem-solving, Strategic Thinking",Manages government programs.,Government
Government Project Manager,"Project Planning, Budget Management, Stakeholder Coordination, Risk Assessment, Reporting","Leadership, Communication, Organization, Problem-solving, Strategic Thinking",Manages government projects.,Government
Government Public Affairs Specialist,"Media Relations, Public Relations, Content Creation, Crisis Communication, Stakeholder Engagement","Communication, Strategic Thinking, Leadership, Problem-solving, Adaptability",Directs government communication efforts.,Government
Government Relations Specialist,"Policy Advocacy, Stakeholder Engagement, Report Writing, Regulatory Knowledge, Communication Strategies","Communication, Strategic Thinking, Collaboration, Problem-solving, Ethical Reasoning",Manages relations between government and organizations.,Government
Government Security Analyst,"Risk Assessment, Security Protocols, Incident Response, Data Analysis, Compliance","Critical Thinking, Attention to Detail, Problem-solving, Communication, Resilience",Analyzes security threats for government.,Government
Government Statistician,"Data Collection, Statistical Analysis, Report Preparation, Survey Design, Software Tools","Analytical Thinking, Attention to Detail, Communication, Problem-solving, Organization",Provides statistical data for government decisions.,Government
Growth Hacker in Startup,"A/B Testing, Data Analytics, User Acquisition Strategies, Marketing Automation, SEO","Innovative Thinking, Analytical Thinking, Creativity, Problem-solving, Adaptability",Drives rapid growth for startups through creative methods.,Startups
Gynecologist,"Women's Health Diagnosis, Surgical Procedures, Patient Counseling, Ultrasound Interpretation, EMR Systems","Empathy, Communication, Attention to Detail, Critical Thinking, Problem-solving",Specializes in women's reproductive health.,Medical
Hematologist,"Blood Disorder Diagnosis, Treatment Planning, Lab Interpretation, Patient Consultation, EMR Systems","Analytical Thinking, Communication, Critical Thinking, Empathy, Problem-solving",Specializes in blood diseases.,Medical
Higher Education Administrator,"Program Oversight, Budget Management, Student Affairs, Regulatory Compliance, Strategic Planning","Leadership, Communication, Organization, Problem-solving, Strategic Thinking",Manages higher education institutions.,Education
Medical Lab Technician,"Sample Collection, Diagnostic Testing, Lab Equipment Operation, Data Recording, Quality Control","Attention to Detail, Analytical Thinking, Problem-solving, Communication, Teamwork",Performs laboratory tests to aid in medical diagnosis.,Medical
Neurologist,"Neurological Diagnosis, EEG Interpretation, Treatment Planning, Patient Assessment, EMR Systems","Critical Thinking, Attention to Detail, Communication, Empathy, Analytical Thinking",Specializes in nervous system disorders.,Medical
Nurse Practitioner,"Patient Assessment, Diagnosis, Treatment Planning, Medication Prescription, EMR Systems","Empathy, Communication, Critical Thinking, Resilience, Teamwork",Provides advanced nursing care and treatment.,Medical
Oncologist,"Cancer Diagnosis, Treatment Planning, Chemotherapy Administration, Patient Monitoring, Research","Empathy, Communication, Critical Thinking, Resilience, Analytical Thinking",Specializes in cancer treatment.,Medical
Optometrist,"Eye Examination, Vision Testing, Prescription Writing, Contact Lens Fitting, Disease Diagnosis","Communication, Attention to Detail, Empathy, Analytical Thinking, Problem-solving",Provides eye care and vision services.,Medical
Otolaryngologist,"Ear Nose Throat Diagnosis, Surgical Procedures, Patient Consultation, Lab Interpretation, EMR Systems","Critical Thinking, Attention to Detail, Communication, Empathy, Problem-solving","Specializes in ear, nose, and throat health.",Medical
Pediatrician,"Child Health Assessment, Vaccination Administration, Growth Monitoring, Disease Diagnosis, Parent Counseling","Empathy, Communication, Attention to Detail, Problem-solving, Patience",Provides medical care for children.,Medical
Product Manager in Startup,"Product Roadmapping, User Research, Market Analysis, Agile Methodologies, Team Coordination","Strategic Thinking, Communication, Innovative Thinking, Problem-solving, Adaptability",Oversees product development in a startup.,Startups
Public Health Officer,"Disease Surveillance, Health Program Planning, Data Analysis, Community Outreach, Regulatory Compliance","Communication, Empathy, Problem-solving, Leadership, Adaptability",Promotes and protects public health in communities.,Medical
Pulmonologist,"Lung Disease Diagnosis, Respiratory Testing, Treatment Planning, Patient Monitoring, EMR Systems","Analytical Thinking, Communication, Empathy, Critical Thinking, Problem-solving",Specializes in lung and respiratory health.,Medical
Rheumatologist,"Joint Disease Diagnosis, Treatment Planning, Patient Assessment, Lab Interpretation, EMR Systems","Analytical Thinking, Communication, Empathy, Critical Thinking, Problem-solving",Specializes in rheumatic diseases.,Medical
Special Education Teacher,"Individualized Education Plans, Behavioral Strategies, Assistive Technology, Assessment, Curriculum Adaptation","Patience, Empathy, Communication, Problem-solving, Adaptability",Teaches students with special needs.,Education
Startup Business Development Manager,"Market Expansion, Partnership Negotiation, Sales Strategy, CRM Software, Analytics","Leadership, Communication, Strategic Thinking, Problem-solving, Adaptability",Drives business growth in startups.,Startups
Startup Content Creator,"Content Strategy, Social Media Management, SEO, Analytics, Creative Writing","Creativity, Communication, Adaptability, Innovative Thinking, Problem-solving",Creates content for startup marketing.,Startups
Startup Customer Support Manager,"CRM Software, Customer Feedback Analysis, Team Training, Service Standards, Problem Resolution","Leadership, Empathy, Communication, Problem-solving, Adaptability",Manages customer support in a startup.,Startups
Startup Data Analyst,"Data Analysis, SQL, Analytics Tools, Report Generation, Market Research","Analytical Thinking, Problem-solving, Communication, Attention to Detail, Adaptability",Analyzes data for startup decisions.,Startups
Startup Event Coordinator,"Event Planning, Budget Management, Vendor Coordination, Marketing, Logistics","Organization, Communication, Creativity, Problem-solving, Adaptability",Organizes events for startups.,Startups
Startup Finance Manager,"Financial Planning, Budget Management, Fundraising, Accounting, Financial Reporting","Analytical Thinking, Strategic Thinking, Communication, Problem-solving, Organization",Manages finances in a startup.,Startups
Startup Founder,"Business Planning, Market Research, Fundraising, Product Development, Team Building","Leadership, Innovative Thinking, Resilience, Communication, Adaptability",Leads and grows a new business venture.,Startups
Startup HR Manager,"Recruitment, Employee Onboarding, Performance Management, Compliance, Team Building","Leadership, Communication, Empathy, Problem-solving, Organization",Manages human resources in a startup.,Startups
Startup Investment Analyst,"Investment Evaluation, Market Research, Financial Modeling, Due Diligence, Reporting","Analytical Thinking, Communication, Strategic Thinking, Problem-solving, Attention to Detail",Analyzes investments for startups.,Startups
Startup Legal Advisor,"Contract Drafting, IP Protection, Compliance, Negotiation, Legal Research","Analytical Thinking, Communication, Ethical Reasoning, Problem-solving, Strategic Thinking",Provides legal advice to startups.,Startups
Startup Logistics Manager,"Supply Chain Coordination, Inventory Management, Vendor Negotiation, Logistics Software, Cost Optimization","Organization, Problem-solving, Communication, Analytical Thinking, Adaptability",Manages logistics in a startup.,Startups
Startup Marketing Manager,"Campaign Planning, Market Research, Social Media Strategy, Content Creation, Analytics","Creativity, Communication, Strategic Thinking, Adaptability, Innovative Thinking",Leads marketing efforts in a startup.,Startups
Startup Operations Manager,"Process Optimization, Team Coordination, Budget Management, Vendor Negotiation, Performance Metrics","Leadership, Problem-solving, Organization, Communication, Adaptability",Manages daily operations in a startup.,Startups
Startup Partnership Manager,"Partnership Development, Negotiation, Contract Management, Relationship Building, Analytics","Communication, Strategic Thinking, Problem-solving, Leadership, Adaptability",Manages partnerships for startups.,Startups
Startup Quality Assurance Manager,"Quality Control Processes, Testing Methods, Compliance Standards, Data Analysis, Team Coordination","Attention to Detail, Problem-solving, Leadership, Communication, Analytical Thinking",Ensures product quality in a startup.,Startups
Startup Research Analyst,"Market Research, Data Collection, Analysis Tools, Report Preparation, Trend Forecasting","Analytical Thinking, Problem-solving, Communication, Attention to Detail, Innovation",Conducts research for startup strategies.,Startups
Startup Sales Manager,"Sales Strategy, Lead Generation, CRM Software, Negotiation, Performance Metrics","Leadership, Communication, Persuasion, Adaptability, Problem-solving",Leads sales teams in a startup.,Startups
Surgeon,"Surgical Procedures, Patient Consultation, Medical Imaging Interpretation, Post-Operative Care, EMR Systems","Critical Thinking, Attention to Detail, Resilience, Communication, Teamwork",Performs surgical operations to treat injuries or diseases.,Medical
Sustainability Analyst,"Sustainability Metrics, Data Analysis, Report Writing, Benchmarking, Strategy Development","Analytical Thinking, Communication, Problem-solving, Attention to Detail, Innovation",Analyzes sustainability performance.,Environmental Science
Sustainability Consultant,"Sustainability Assessments, Carbon Footprint Analysis, Green Strategies, Report Writing, Stakeholder Engagement","Strategic Thinking, Communication, Problem-solving, Innovation, Adaptability",Advises on sustainable business practices.,Environmental Science
University Professor,"Lecture Preparation, Research Conducting, Student Assessment, Curriculum Design, Grant Writing","Communication, Critical Thinking, Leadership, Analytical Thinking, Mentoring",Teaches and researches at a university level.,Education
Urologist,"Urological Diagnosis, Surgical Procedures, Patient Consultation, Lab Interpretation, EMR Systems","Critical Thinking, Attention to Detail, Communication, Empathy, Problem-solving",Specializes in urinary tract and male reproductive health.,Medical
Venture Capitalist,"Investment Analysis, Market Evaluation, Portfolio Management, Negotiation, Financial Modeling","Strategic Thinking, Communication, Analytical Thinking, Decision-making, Networking",Invests in startup companies for growth.,Startups
Vocational Education Instructor,"Skill Training, Curriculum Development, Student Assessment, Practical Demonstration, Industry Certification","Communication, Patience, Leadership, Problem-solving, Adaptability",Teaches vocational skills for careers.,Education
Vocational Trainer,"Skill Development, Training Program Design, Assessment, Industry Knowledge, Practical Demonstration","Communication, Patience, Leadership, Problem-solving, Adaptability",Trains individuals in vocational skills.,Education
Wildlife Conservationist,"Habitat Management, Species Monitoring, Research Methods, Data Analysis, Public Education","Problem-solving, Communication, Resilience, Empathy, Collaboration",Protects wildlife and habitats.,Environmental Science
Investment Banker,"Financial modeling, Excel, Risk analysis","Negotiation, Persuasion",Helps companies raise capital and advises on financial strategies.,Finance & Business
Actuary,"Statistics, Risk modeling, Excel","Analytical thinking, Problem-solving",Analyzes financial risks using mathematics and statistics.,Finance & Business
Supply Chain Analyst,"ERP systems, Data analysis","Communication, Planning",Optimizes supply chain efficiency and reduces costs.,Finance & Business
Venture Capital Analyst,"Market research, Financial valuation","Networking, Strategic thinking",Evaluates startups and investment opportunities for VC firms.,Finance & Business
Corporate Trainer,"Business tools, Presentation software","Public speaking, Adaptability",Delivers training programs for employee development.,Finance & Business
Corporate Lawyer,"Contract drafting, Legal research","Negotiation, Critical thinking",Specializes in corporate regulations and business law.,Law & Legal Services
Criminal Defense Attorney,"Legal writing, Case preparation","Persuasion, Emotional intelligence",Represents clients accused of crimes in court.,Law & Legal Services
Intellectual Property Paralegal,"Legal documentation, Patent filing","Detail orientation, Organization","Assists lawyers in protecting patents, copyrights, and trademarks.",Law & Legal Services
Immigration Consultant,"Case documentation, Legal compliance","Empathy, Cross-cultural communication",Assists individuals with visa and residency applications.,Law & Legal Services
Mediator,"Conflict resolution techniques, Negotiation","Patience, Active listening",Helps parties resolve disputes outside of court.,Law & Legal Services
Broadcast Journalist,"Video editing, News reporting","Storytelling, Quick decision-making",Reports and presents news stories for TV and radio.,"Arts, Media & Communication"
Film Director,"Cinematography, Script analysis","Leadership, Creativity",Oversees the creative vision and production of films.,"Arts, Media & Communication"
Graphic Designer,"Adobe Creative Suite, Typography","Creativity, Attention to detail","Creates visual designs for branding, ads, and media.","Arts, Media & Communication"
Music Producer,"Audio engineering, Mixing","Collaboration, Creativity","Produces, edits, and manages music recordings.","Arts, Media & Communication"
Content Strategist,"SEO tools, Analytics","Storytelling, Organization",Plans and manages digital content for businesses.,"Arts, Media & Communication"
Robotics Engineer,"CAD, Programming, Electronics","Analytical thinking, Problem-solving",Designs and builds robots for industrial and personal use.,Engineering & Manufacturing
Industrial Designer,"CAD, Prototyping","Creativity, Visualization",Designs user-friendly and aesthetically pleasing products.,Engineering & Manufacturing
Aerospace Engineer,"Aerodynamics, CAD, MATLAB","Teamwork, Analytical thinking","Designs and tests aircraft, spacecraft, and defense systems.",Engineering & Manufacturing
Quality Assurance Engineer,"Testing tools, Data analysis","Attention to detail, Critical thinking",Ensures products meet required quality and safety standards.,Engineering & Manufacturing
Metallurgical Engineer,"Metallurgy, Material testing","Problem-solving, Research",Works with metals to improve materials and manufacturing processes.,Engineering & Manufacturing
Social Worker,"Case management, Counseling","Empathy, Advocacy",Helps individuals and families cope with challenges.,Social Work & Nonprofit
NGO Program Manager,"Project management, Grant writing","Leadership, Collaboration",Oversees nonprofit projects and ensures community impact.,Social Work & Nonprofit
Community Organizer,"Event planning, Public policy knowledge","Persuasion, Communication",Mobilizes people for social causes and community improvement.,Social Work & Nonprofit
Rehabilitation Counselor,"Therapy methods, Case evaluation","Patience, Empathy",Helps individuals recover and reintegrate after illness/addiction.,Social Work & Nonprofit
Fundraising Specialist,"CRM software, Proposal writing","Networking, Persuasion",Raises funds for nonprofits through campaigns and partnerships.,Social Work & Nonprofit
Event Planner,"Scheduling tools, Vendor management","Organization, Time management","Plans and coordinates weddings, conferences, and events.",Hospitality & Tourism
Travel Agent,"Booking systems, Itinerary planning","Customer service, Negotiation",Plans and books travel arrangements for clients.,Hospitality & Tourism
Hotel Manager,"Property management systems, Accounting basics","Leadership, Multitasking","Manages hotel operations, staff, and guest satisfaction.",Hospitality & Tourism
Tour Guide,"Local history knowledge, Language skills","Storytelling, Interpersonal skills",Leads and educates tourists about destinations.,Hospitality & Tourism
Cruise Director,"Entertainment planning, Logistics","Charisma, Problem-solving",Coordinates activities and entertainment on cruise ships.,Hospitality & Tourism
Agricultural Engineer,"Irrigation systems, Farm machinery","Innovation, Problem-solving",Develops technology to improve farming efficiency.,Agriculture & Food Science
Food Scientist,"Lab testing, Quality control","Detail orientation, Research","Ensures food products are safe, nutritious, and high quality.",Agriculture & Food Science
Horticulturist,"Plant biology, Cultivation techniques","Observation, Patience",Specializes in growing and maintaining plants and gardens.,Agriculture & Food Science
Soil Scientist,"Soil testing, GIS","Analytical thinking, Research",Studies soil properties to improve crop yields and environment.,Agriculture & Food Science
Dairy Technologist,"Dairy processing, Food safety standards","Organization, Problem-solving",Works on milk processing and dairy product development.,Agriculture & Food Science
Logistics Manager,"Fleet management, ERP systems","Decision-making, Organization",Oversees transportation and distribution systems.,Transport & Logistics
Marine Pilot,"Navigation, Ship handling","Focus, Risk management",Guides ships safely in and out of ports.,Transport & Logistics
Air Traffic Controller,"Radar systems, Aviation protocols","Concentration, Stress management",Directs aircraft to ensure safe and efficient flight paths.,Transport & Logistics
Railway Operations Manager,"Scheduling, Safety compliance","Organization, Decision-making",Manages train schedules and railway operations.,Transport & Logistics
Urban Transport Planner,"GIS, Traffic modeling","Analytical thinking, Communication",Designs efficient city transport systems.,Transport & Logistics
Renewable Energy Consultant,"Energy auditing, Solar/wind tech","Communication, Innovation",Advises on adoption of renewable energy solutions.,Energy & Utilities
Hydrologist,"Water modeling, GIS","Analytical thinking, Observation",Studies water resources for environmental and urban planning.,Energy & Utilities
Nuclear Technician,"Reactor operations, Radiation safety","Precision, Responsibility",Assists in operating and monitoring nuclear reactors.,Energy & Utilities
Petroleum Engineer,"Drilling technology, Reservoir simulation","Analytical thinking, Problem-solving",Designs methods for extracting oil and gas efficiently.,Energy & Utilities
Wind Turbine Technician,"Electrical systems, Mechanical repair","Safety awareness, Problem-solving",Installs and maintains wind turbines.,Energy & Utilities
Sports Analyst,"Data analytics, Video analysis","Communication, Critical thinking",Analyzes player and team performance using statistics.,Sports & Entertainment
Fitness Trainer,"Exercise science, Nutrition basics","Motivation, Empathy",Coaches clients in fitness and health programs.,Sports & Entertainment
Esports Manager,"Gaming platforms, Event organization","Leadership, Networking",Manages competitive gaming teams and events.,Sports & Entertainment
Sports Physiotherapist,"Physiotherapy techniques, Injury assessment","Patience, Empathy",Helps athletes recover from sports injuries.,Sports & Entertainment
Talent Agent,"Contract negotiation, Marketing","Persuasion, Networking",Represents artists or athletes to secure opportunities.,Sports & Entertainment
Forensic Accountant,"Auditing, Data analysis","Integrity, Attention to detail",Investigates financial crimes like fraud and embezzlement.,Finance & Business
Equity Research Analyst,"Financial modeling, Market research","Critical thinking, Communication",Analyzes companies to provide investment recommendations.,Finance & Business
Risk Manager,"Risk assessment tools, Compliance","Decision-making, Strategic thinking",Identifies and mitigates risks in business operations.,Finance & Business
Tax Consultant,"Tax laws, Accounting software","Analytical thinking, Problem-solving",Advises individuals and businesses on tax planning.,Finance & Business
Business Development Executive,"CRM software, Sales strategy","Persuasion, Networking",Identifies new business opportunities and partnerships.,Finance & Business
Human Rights Lawyer,"International law, Case research","Advocacy, Empathy",Represents clients in cases related to human rights.,Law & Legal Services
Corporate Compliance Officer,"Legal compliance systems, Documentation","Integrity, Attention to detail",Ensures organizations follow laws and internal policies.,Law & Legal Services
Family Law Attorney,"Legal writing, Mediation","Patience, Conflict resolution","Specializes in divorce, custody, and family matters.",Law & Legal Services
Legal Journalist,"Legal reporting, Research","Storytelling, Communication",Writes about legal issues and court cases for media outlets.,Law & Legal Services
Arbitration Specialist,"Contract analysis, Negotiation","Neutrality, Persuasion",Helps resolve disputes between parties outside of court.,Law & Legal Services
Fashion Designer,"Sketching, Textile knowledge","Creativity, Visualization",Creates clothing and accessory designs.,"Arts, Media & Communication"
Video Game Designer,"Game engines, Storyboarding","Creativity, Problem-solving",Designs storylines and mechanics for video games.,"Arts, Media & Communication"
Copywriter,"SEO writing, Editing","Creativity, Persuasion","Creates written content for ads, websites, and media.","Arts, Media & Communication"
Art Curator,"Art history, Exhibition planning","Networking, Communication",Manages and organizes art collections for museums and galleries.,"Arts, Media & Communication"
Photographer,"Photography equipment, Editing software","Creativity, Observation","Captures images for media, business, or personal use.","Arts, Media & Communication"
Mining Engineer,"Drilling technology, Safety compliance","Risk management, Problem-solving",Designs and manages mines for resource extraction.,Engineering & Manufacturing
Civil Engineer,"Structural design, AutoCAD","Teamwork, Analytical thinking",Plans and oversees construction projects.,Engineering & Manufacturing
Textile Engineer,"Textile processing, Quality control","Innovation, Attention to detail",Develops fabrics and improves textile production.,Engineering & Manufacturing
Mechanical Drafter,"CAD, Blueprint reading","Visualization, Precision",Creates technical drawings for machines and structures.,Engineering & Manufacturing
Packaging Engineer,"Material science, CAD","Creativity, Problem-solving",Designs safe and sustainable packaging solutions.,Engineering & Manufacturing
Public Health Worker,"Data collection, Community outreach","Empathy, Communication",Promotes health awareness and implements community programs.,Social Work & Nonprofit
Child Welfare Specialist,"Case management, Counseling","Compassion, Advocacy",Ensures the safety and well-being of children at risk.,Social Work & Nonprofit
Volunteer Coordinator,"Scheduling software, Recruitment","Organization, Leadership",Manages and recruits volunteers for nonprofit activities.,Social Work & Nonprofit
Policy Analyst,"Research, Statistical tools","Critical thinking, Communication",Studies and develops public policies for organizations.,Social Work & Nonprofit
Grant Writer,"Proposal writing, Budgeting","Persuasion, Detail orientation",Prepares funding proposals for nonprofit organizations.,Social Work & Nonprofit
Resort Manager,"Property management systems, Budgeting","Leadership, Customer service",Oversees the daily operations of a resort.,Hospitality & Tourism
Travel Blogger,"Blogging platforms, Photography","Creativity, Storytelling",Shares travel experiences online to engage audiences.,Hospitality & Tourism
Sommelier,"Wine knowledge, Tasting skills","Communication, Persuasion",Recommends wines in restaurants and hotels.,Hospitality & Tourism
Aviation Manager,"Flight regulations, Scheduling","Leadership, Decision-making",Manages airline or airport operations.,Hospitality & Tourism
Event Decorator,"Design software, Crafting","Creativity, Organization",Plans and executes visual themes for events.,Hospitality & Tourism
Fisheries Scientist,"Aquaculture, Lab testing","Research, Observation",Studies fish populations and sustainable fishing practices.,Agriculture & Food Science
Agronomist,"Crop science, Soil testing","Analytical thinking, Communication",Improves crop production through research and technology.,Agriculture & Food Science
Veterinary Technician,"Animal care, Lab testing","Compassion, Patience",Assists veterinarians in diagnosing and treating animals.,Agriculture & Food Science
Beekeeper,"Hive management, Honey extraction","Patience, Observation",Manages bees for honey and pollination services.,Agriculture & Food Science
Food Safety Inspector,"Lab testing, Compliance","Integrity, Attention to detail",Ensures food safety standards are followed.,Agriculture & Food Science
Cargo Planner,"Logistics software, Route planning","Decision-making, Organization","Plans cargo movement by air, sea, or land.",Transport & Logistics
Port Manager,"Maritime regulations, Logistics","Leadership, Problem-solving",Manages operations at shipping ports.,Transport & Logistics
Aviation Safety Inspector,"Aviation regulations, Risk analysis","Responsibility, Attention to detail",Inspects aircraft and safety procedures.,Transport & Logistics
Truck Fleet Supervisor,"GPS systems, Scheduling","Organization, Leadership",Manages commercial vehicle fleets.,Transport & Logistics
Railway Engineer,"Track design, Safety protocols","Analytical thinking, Teamwork",Designs and maintains railway systems.,Transport & Logistics
Geothermal Engineer,"Renewable energy systems, Drilling","Innovation, Problem-solving",Designs and manages geothermal power systems.,Energy & Utilities
Energy Auditor,"Energy assessment tools, Building systems","Analytical thinking, Communication",Evaluates energy use and suggests efficiency improvements.,Energy & Utilities
Hydroelectric Plant Operator,"Mechanical systems, Safety checks","Responsibility, Precision",Operates and maintains hydroelectric power plants.,Energy & Utilities
Pipeline Engineer,"Pipeline design, Safety standards","Problem-solving, Teamwork",Designs and monitors oil and gas pipelines.,Energy & Utilities
Solar Energy Technician,"Photovoltaic systems, Electrical repair","Adaptability, Safety awareness",Installs and maintains solar energy systems.,Energy & Utilities
Sports Statistician,"Data analysis, Software tools","Accuracy, Communication",Collects and interprets sports performance data.,Sports & Entertainment
Athletic Trainer,"Exercise science, First aid","Motivation, Empathy",Works with athletes to prevent and treat injuries.,Sports & Entertainment
Stunt Performer,"Physical training, Safety knowledge","Courage, Discipline",Performs dangerous acts in films and shows.,Sports & Entertainment
Sports Broadcaster,"Broadcasting tools, Journalism","Storytelling, Charisma",Provides live commentary and analysis for sports.,Sports & Entertainment
Choreographer,"Dance techniques, Music interpretation","Creativity, Leadership",Creates dance routines for performances.,Sports & Entertainment
Financial Planner,"Investment tools, Tax planning","Communication, Empathy",Helps clients manage personal finances and plan for the future.,Finance & Business
Auditor,"Accounting software, Risk assessment","Integrity, Attention to detail",Reviews financial records to ensure accuracy and compliance.,Finance & Business
Market Research Analyst,"Data analytics, Survey tools","Critical thinking, Communication",Studies market trends to help businesses make decisions.,Finance & Business
Business Analyst,"Process modeling, Data visualization","Problem-solving, Collaboration",Bridges business needs with technology solutions.,Finance & Business
Franchise Manager,"Business operations, Budgeting","Leadership, Negotiation",Oversees franchise operations and ensures compliance.,Finance & Business
Environmental Lawyer,"Environmental regulations, Legal drafting","Advocacy, Critical thinking",Specializes in cases involving environmental protection.,Law & Legal Services
Tax Lawyer,"Tax codes, Legal analysis","Persuasion, Problem-solving",Advises on complex tax law issues.,Law & Legal Services
Employment Lawyer,"Labor law, Case preparation","Mediation, Negotiation",Handles workplace disputes and employee rights cases.,Law & Legal Services
Court Clerk,"Legal documentation, Record keeping","Organization, Accuracy",Maintains court records and assists with legal proceedings.,Law & Legal Services
Legislative Assistant,"Policy research, Legal writing","Communication, Attention to detail",Assists lawmakers in drafting and analyzing bills.,Law & Legal Services
Theater Actor,"Acting techniques, Script analysis","Creativity, Confidence",Performs roles in live theater productions.,"Arts, Media & Communication"
Sound Engineer,"Audio mixing, Studio equipment","Teamwork, Creativity","Manages sound quality for music, film, and events.","Arts, Media & Communication"
Animator,"3D modeling, Animation software","Creativity, Patience","Creates animated visuals for films, games, and ads.","Arts, Media & Communication"
Screenwriter,"Storyboarding, Script formatting","Creativity, Storytelling","Writes scripts for movies, shows, or commercials.","Arts, Media & Communication"
Public Relations Specialist,"Media relations, Press release writing","Networking, Persuasion",Manages public image of individuals or companies.,"Arts, Media & Communication"
Automotive Engineer,"CAD, Vehicle systems","Analytical thinking, Teamwork",Designs and develops vehicles and automotive systems.,Engineering & Manufacturing
Marine Engineer,"Ship design, Mechanical systems","Problem-solving, Precision","Designs, builds, and maintains ships and marine equipment.",Engineering & Manufacturing
Safety Engineer,"Risk analysis, Compliance","Attention to detail, Responsibility",Ensures workplace and product safety standards.,Engineering & Manufacturing
Structural Engineer,"Structural analysis, CAD","Problem-solving, Accuracy",Designs safe and durable buildings and structures.,Engineering & Manufacturing
Mechatronics Engineer,"Robotics, Control systems","Innovation, Analytical thinking",Integrates mechanical and electronic systems in engineering.,Engineering & Manufacturing
Rehabilitation Specialist,"Therapy techniques, Case management","Empathy, Patience",Assists people with disabilities in regaining independence.,Social Work & Nonprofit
Crisis Intervention Specialist,"Counseling techniques, Risk assessment","Quick decision-making, Empathy",Provides immediate support during emergencies or trauma.,Social Work & Nonprofit
Community Health Worker,"Health education, Outreach","Communication, Empathy",Promotes health awareness in underserved communities.,Social Work & Nonprofit
Advocacy Coordinator,"Policy research, Campaign planning","Persuasion, Leadership",Leads campaigns for social and political change.,Social Work & Nonprofit
Diversity & Inclusion Officer,"HR systems, Training methods","Empathy, Communication",Ensures workplace equality and inclusive practices.,Social Work & Nonprofit
Cruise Ship Chef,"Culinary arts, Menu planning","Creativity, Teamwork",Prepares meals for passengers on cruise ships.,Hospitality & Tourism
Airline Customer Service Agent,"Booking systems, Ticketing","Patience, Problem-solving",Assists passengers with travel needs and issues.,Hospitality & Tourism
Destination Manager,"Event planning, Travel logistics","Leadership, Communication",Oversees tourism operations in a specific location.,Hospitality & Tourism
Housekeeping Supervisor,"Cleaning procedures, Inventory management","Organization, Leadership",Supervises housekeeping staff in hotels or resorts.,Hospitality & Tourism
Adventure Tour Operator,"Outdoor survival, First aid","Leadership, Enthusiasm",Organizes and guides adventure travel experiences.,Hospitality & Tourism
Plant Breeder,"Genetics, Lab testing","Patience, Innovation",Develops new plant varieties for agriculture.,Agriculture & Food Science
Agricultural Economist,"Data analysis, Market research","Critical thinking, Communication",Analyzes agricultural markets and policies.,Agriculture & Food Science
Floriculturist,"Greenhouse management, Plant science","Creativity, Patience",Grows flowers for commercial and decorative use.,Agriculture & Food Science
Poultry Scientist,"Animal nutrition, Breeding techniques","Research, Attention to detail",Studies and improves poultry production methods.,Agriculture & Food Science
Farm Manager,"Farm machinery, Budgeting","Leadership, Decision-making",Oversees day-to-day operations of farms.,Agriculture & Food Science
Aviation Logistics Specialist,"Cargo systems, Aviation rules","Planning, Accuracy",Manages air cargo operations and logistics.,Transport & Logistics
Dock Worker Supervisor,"Loading equipment, Safety protocols","Leadership, Responsibility",Oversees cargo handling at ports.,Transport & Logistics
Highway Engineer,"Road design, Surveying","Problem-solving, Precision",Designs and maintains roads and highways.,Transport & Logistics
Freight Forwarder,"Documentation, Customs procedures","Negotiation, Organization",Coordinates shipping of goods across borders.,Transport & Logistics
Metro Rail Planner,"GIS, Transport modeling","Analytical thinking, Planning",Plans and develops metro rail systems for cities.,Transport & Logistics
Nuclear Engineer,"Reactor design, Safety analysis","Analytical thinking, Precision",Designs and maintains nuclear power systems.,Energy & Utilities
Smart Grid Analyst,"Data analysis, IoT systems","Innovation, Problem-solving",Improves efficiency of electricity distribution networks.,Energy & Utilities
Offshore Drilling Engineer,"Drilling systems, Safety compliance","Risk management, Problem-solving",Manages oil and gas extraction in offshore sites.,Energy & Utilities
Power Plant Manager,"Energy systems, Maintenance","Leadership, Responsibility",Oversees operations of power generation plants.,Energy & Utilities
Battery Technologist,"Electrochemistry, Lab testing","Research, Innovation",Develops and improves battery technologies.,Energy & Utilities
Referee (Sports),"Rule knowledge, Fitness","Decision-making, Confidence",Enforces rules in professional and amateur sports.,Sports & Entertainment
Sports Psychologist,"Psychology, Data collection","Empathy, Motivation",Helps athletes improve mental performance.,Sports & Entertainment
Casting Director,"Audition management, Film knowledge","Communication, Intuition","Selects actors for films, TV, and theater roles.",Sports & Entertainment
Costume Designer,"Sewing, Fabric knowledge","Creativity, Visualization","Designs costumes for theater, film, and TV productions.",Sports & Entertainment
Lighting Technician,"Lighting systems, Stage design","Teamwork, Creativity","Manages lighting for events, performances, and media.",Sports & Entertainment
Corporate Treasurer,"Cash flow management, Risk assessment","Analytical thinking, Integrity",Manages companys financial assets and liquidity.,Finance & Business
Credit Analyst,"Financial modeling, Risk evaluation","Analytical thinking, Communication",Assesses creditworthiness of individuals or firms.,Finance & Business
Corporate Trainer,"Instructional design, Learning systems","Communication, Patience",Delivers professional development training.,Finance & Business
International Trade Specialist,"Export regulations, Market research","Negotiation, Adaptability",Facilitates global trade operations.,Finance & Business
Corporate Lawyer,"Contract law, Case analysis","Negotiation, Persuasion",Provides legal services to corporations.,Law & Legal Services
Immigration Lawyer,"Visa regulations, Case preparation","Empathy, Communication",Handles legal matters related to immigration.,Law & Legal Services
Mediator,"Conflict resolution, Negotiation techniques","Neutrality, Communication",Helps resolve disputes outside of court.,Law & Legal Services
Forensic Document Examiner,"Handwriting analysis, Lab techniques","Attention to detail, Integrity",Analyzes documents for authenticity in legal cases.,Law & Legal Services
Compliance Paralegal,"Regulatory research, Documentation","Organization, Ethical reasoning",Assists lawyers with compliance-related tasks.,Law & Legal Services
Cinematographer,"Camera operation, Lighting design","Creativity, Visualization",Directs photography for films and media.,"Arts, Media & Communication"
Art Director,"Graphic design, Branding","Creativity, Leadership",Oversees visual style of projects in media.,"Arts, Media & Communication"
Music Producer,"Audio editing, Sound mixing","Creativity, Teamwork",Oversees production of music recordings.,"Arts, Media & Communication"
Film Editor,"Video editing software, Storyboarding","Patience, Creativity",Edits film and video footage into final versions.,"Arts, Media & Communication"
Broadcast Journalist,"Investigative reporting, Editing","Curiosity, Communication",Reports and delivers news via TV or radio.,"Arts, Media & Communication"
Petroleum Engineer,"Reservoir modeling, Drilling techniques","Analytical thinking, Problem-solving",Designs methods for extracting oil and gas.,Engineering & Manufacturing
Robotics Engineer,"Automation systems, Programming","Innovation, Teamwork",Designs robots and automated systems.,Engineering & Manufacturing
Manufacturing Supervisor,"Production planning, Quality control","Leadership, Organization",Oversees manufacturing processes.,Engineering & Manufacturing
Tool & Die Maker,"Precision machining, CAD","Attention to detail, Patience",Creates molds and tools for manufacturing.,Engineering & Manufacturing
Metallurgist,"Material testing, Lab techniques","Analytical thinking, Problem-solving",Studies metals and develops new alloys.,Engineering & Manufacturing
Child Welfare Officer,"Case management, Legal compliance","Empathy, Patience",Protects and supports children in need.,Social Work & Nonprofit
NGO Program Coordinator,"Project design, Fundraising","Organization, Leadership",Manages nonprofit organization programs.,Social Work & Nonprofit
Volunteer Manager,"Recruitment, Scheduling tools","Communication, Leadership",Oversees volunteer programs.,Social Work & Nonprofit
Social Policy Analyst,"Data analysis, Policy drafting","Critical thinking, Persuasion",Evaluates and develops social policies.,Social Work & Nonprofit
Disability Support Worker,"Assistive technology, Caregiving","Empathy, Patience",Supports people with disabilities in daily living.,Social Work & Nonprofit
Travel Blogger,"Content writing, SEO","Creativity, Adaptability",Creates travel-related content online.,Hospitality & Tourism
Tour Guide,"Historical knowledge, Navigation","Communication, Enthusiasm",Leads tourists on guided tours.,Hospitality & Tourism
Resort Manager,"Hospitality systems, Budgeting","Leadership, Problem-solving",Manages resort operations.,Hospitality & Tourism
Sommelier,"Wine tasting, Food pairing","Communication, Memory",Advises on wines in fine dining settings.,Hospitality & Tourism
Event Decorator,"Design software, Logistics planning","Creativity, Organization",Designs and arranges event decorations.,Hospitality & Tourism
Soil Scientist,"Soil testing, GIS tools","Analytical thinking, Research",Studies soil for agriculture and conservation.,Agriculture & Food Science
Fisheries Scientist,"Aquaculture methods, Lab analysis","Research, Problem-solving",Manages and researches fish populations.,Agriculture & Food Science
Dairy Technologist,"Dairy processing, Quality testing","Attention to detail, Innovation",Develops and improves dairy products.,Agriculture & Food Science
Crop Consultant,"Pest management, Fertilizer knowledge","Communication, Problem-solving",Advises farmers on crop management.,Agriculture & Food Science
Agricultural Inspector,"Food safety, Compliance audits","Attention to detail, Integrity",Inspects agricultural products for safety.,Agriculture & Food Science
Ship Captain,"Navigation, Maritime safety","Leadership, Decision-making",Commands ships and oversees operations.,Transport & Logistics
Railway Operations Manager,"Scheduling, Safety compliance","Organization, Leadership",Oversees railway services.,Transport & Logistics
Air Traffic Controller,"Radar systems, Aviation protocols","Concentration, Stress management",Directs aircraft movement to ensure safety.,Transport & Logistics
Delivery Operations Manager,"Logistics software, Route planning","Leadership, Organization",Manages delivery services.,Transport & Logistics
Supply Chain Analyst,"Forecasting tools, Data analysis","Problem-solving, Analytical thinking",Optimizes supply chain performance.,Transport & Logistics
Hydrologist,"Water modeling, Field sampling","Analytical thinking, Research",Studies water resources and distribution.,Energy & Utilities
Renewable Energy Consultant,"Solar/wind tech, Policy knowledge","Innovation, Communication",Advises on sustainable energy projects.,Energy & Utilities
Geothermal Engineer,"Drilling techniques, Energy modeling","Problem-solving, Research",Designs geothermal energy systems.,Energy & Utilities
Energy Auditor,"Energy assessment tools, Data collection","Attention to detail, Communication",Evaluates energy use and recommends efficiency.,Energy & Utilities
Grid Operator,"Monitoring systems, Emergency response","Decision-making, Responsibility",Controls and maintains electrical grids.,Energy & Utilities
Athletic Trainer,"Injury prevention, First aid","Empathy, Motivation",Works with athletes to maintain physical health.,Sports & Entertainment
Sports Agent,"Contract negotiation, Market research","Networking, Persuasion",Represents athletes in business deals.,Sports & Entertainment
Game Commentator,"Broadcasting, Sports knowledge","Communication, Enthusiasm",Provides live commentary during games.,Sports & Entertainment
Talent Manager,"Negotiation, Career planning","Leadership, Persuasion",Manages careers of artists or athletes.,Sports & Entertainment
Stunt Coordinator,"Safety procedures, Choreography","Courage, Teamwork",Plans and directs stunts for film or TV.,Sports & Entertainment
Cultural Anthropologist,"Ethnographic research, Data analysis","Curiosity, Empathy","Studies human societies, cultures, and their development through fieldwork and analysis.",Research & Academia
